Q (LPS),DH (z2-z1),V(V),I(A),P(W),TDH (m)
0.0066,0.78,4.0,0.17,0.68,0.8107227183888511
0.0102,0.56,5.5,0.65,3.575,0.623841373369396
0.0105,0.46,5.5,0.65,3.575,0.5270627786873946
0.0119,0.37,5.5,0.65,3.575,0.45300519443221665
0.0122,0.3,5.5,0.65,3.575,0.38661430250998186
0.0126,0.23,5.5,0.65,3.575,0.32153129737612746
